Title,Link
What Did 2017 Really Teach You?,https://en.nametests.com/test/what-did-2017-really-teach-you/28197/?ab=eyJxdWl6X3RpdGxlIjo2MTE1N30
Where And With Who Should You Celebrate New Year's Eve?,https://en.nametests.com/test/where-should-you-spend-new-years-eve/27959/?ab=eyJxdWl6X3RpdGxlIjo2MDAxN30
Who Will You Never Give Up On?,https://en.nametests.com/test/who-will-you-never-give-up-on/22650/?ab=eyJxdWl6X3RpdGxlIjo0MTY1Nn0
Can We Sketch A Person That You Love?,https://en.nametests.com/test/can-we-sketch-a-person-that-you-love/18845/?ab=eyJxdWl6X3RpdGxlIjozNTUyMH0
Will You Be Happy In 2018?,https://en.nametests.com/test/will-you-be-happy-in-2018/28225/?ab=eyJxdWl6X3RpdGxlIjo2MTMwMn0
What Will Happen To You Next Year?,https://en.nametests.com/test/what-will-2018-bring-you/27343/?ab=eyJxdWl6X3RpdGxlIjo1NjUxOH0
Can We Sum Up How You Lived Your Life In 2017?,https://en.nametests.com/test/can-we-sum-up-your-beautiful-life-journey-in-2017/28168/?ab=eyJxdWl6X3RpdGxlIjo2MDk4OH0
What Is Your Letter To Santa?,https://en.nametests.com/test/what-is-your-letter-to-santa/28127/?ab=eyJxdWl6X3RpdGxlIjo2MDc2OX0
What's the secret message in your name?,https://en.nametests.com/test/whats-the-secret-message-in-your-name/11352/?ab=eyJxdWl6X3RpdGxlIjoyODAzMH0
 What Will Your 2018 Look Like? ,https://en.nametests.com/test/what-will-happen-to-you-next-year/28024/?ab=eyJxdWl6X3RpdGxlIjo2MDMyOX0
What Does Your Christmas Card To Your Friends Look Like?,https://en.nametests.com/test/create-a-custom-christmas-card-for-a-special-someone/28065/?ab=eyJxdWl6X3RpdGxlIjo2MDUwNn0
What Is Your Purpose On Earth?,https://en.nametests.com/test/what-is-your-purpose-on-earth/23704/?ab=eyJxdWl6X3RpdGxlIjo0MjczMH0
